	ISO3	current_mammal_SR	rcp26_mammal_SR	rcp26_mammal_pctChange	rcp45_mammal_SR	rcp45_mammal_pctChange	rcp60_mammal_SR	rcp60_mammal_pctChange	rcp85_mammal_SR	rcp85_mammal_pctChange	current_bird_SR	rcp26_bird_SR	rcp26_bird_pctChange	rcp45_bird_SR	rcp45_bird_pctChange	rcp60_bird_SR	rcp60_bird_pctChange	rcp85_bird_SR	rcp85_bird_pctChange	current_both_SR	rcp26_both_SR	rcp26_both_pctChange	rcp45_both_SR	rc45_both_pctChange	rcp60_both_SR	rcp60_both_pctChange	rcp85_both_SR	rcp85_both_pctChange	GDP_per_capita	CO2_per_capita	Governance_score
1	AFG	78.74085366	86.30792683	9.610097959	83.31707317	5.811747396	83.03353659	5.451659116	81.32926829	3.287257521	207.2530488	210.1554878	1.400432487	198.2804878	-4.329278159	199.2987805	-3.837949955	191.1219512	-7.783286015	285.9939024	296.4634146	3.660746647	281.597561	-1.537215104	282.3323171	-1.2803019	272.4512195	-4.735304778	561.7787	0.29944499	-1.583333333
2	AGO	194.5725552	184.4242902	-5.215671333	174.4637224	-10.33487626	170.4353312	-12.4052562	151.5015773	-22.13620409	561.2728707	529.0425868	-5.742355563	511.0757098	-8.943450415	499.3706625	-11.02889725	453.8832808	-19.13322299	755.8454259	713.466877	-5.60677454	685.5394322	-9.301636457	669.8059937	-11.38320472	605.384858	-19.90626161	3308.7002	1.29132831	-0.913333333
3	ALB	183.8461538	193.6923077	5.355648536	189.0769231	2.845188285	197.8461538	7.615062762	204.5384615	11.25523013	408.8461538	413.4615385	1.128880527	390.6153846	-4.459078081	410.6153846	0.432737535	405.3846154	-0.846660395	592.6923077	607.1538462	2.439974043	579.6923077	-2.193380921	608.4615385	2.660609994	609.9230769	2.907203115	4124.9824	1.97876331	0.011666667
4	ARE	39.42105263	41.26315789	4.672897196	40.63157895	3.070761015	40.36842105	2.403204272	39.36842105	-0.133511348	55.5	59.31578947	6.875296349	51.42105263	-7.349454718	51.92105263	-6.448553817	46.68421053	-15.88430536	94.92105263	100.5789474	5.960632104	92.05263158	-3.021901857	92.28947368	-2.772387025	86.05263158	-9.342944275	37622.2075	23.30202251	0.658333333
5	ARG	72.28973277	74.64486639	3.257908868	75.11884669	3.913576404	75.9535865	5.068290595	75.7862166	4.836764076	290.4338959	297.9746835	2.596386899	296.5140647	2.093477677	300.6905767	3.53150265	297.371308	2.388637206	362.7236287	372.6195499	2.728226246	371.6329114	2.456217901	376.6441632	3.837779885	373.1575246	2.876541558	12440.321	4.74679746	0.01
6	ARM	204.4	200.8	-1.761252446	185	-9.491193738	191.6666667	-6.229615134	173	-15.36203523	492.1333333	458.3333333	-6.868057437	423.9333333	-13.85803305	435.9333333	-11.41966947	385.4666667	-21.674343	696.5333333	659.1333333	-5.369448698	608.9333333	-12.57656968	627.6	-9.896630934	558.4666667	-19.8219755	3614.6884	1.90275891	-0.13
7	ATG	NA	NA	NA	NA	NA	NA	NA	NA	NA	NA	NA	NA	NA	NA	NA	NA	NA	NA	805	847	5.217391304	797	-0.99378882	806	0.124223602	778	-3.354037267	NA	NA	0.403333333
8	AUS	88.84248149	87.28899668	-1.748583317	84.83890733	-4.506373636	85.02093439	-4.301486224	82.64207302	-6.979103208	309.3911156	293.1868777	-5.23746065	281.5292316	-9.005392426	280.990554	-9.179501355	272.3992852	-11.95633249	398.2335971	380.4758744	-4.459122202	366.3681389	-8.00170013	366.0114884	-8.091258243	355.0413582	-10.84595556	49755.3155	15.37013776	1.578333333
9	AUT	154.8888889	160.0444444	3.328550933	161.4	4.203730273	163.3777778	5.480631277	161.6888889	4.390243902	368.8666667	356.6444444	-3.313452618	354.4666667	-3.903849629	357.4222222	-3.102596542	345.5333333	-6.32568227	523.7555556	516.6888889	-1.349229921	515.8666667	-1.506215792	520.8	-0.564300564	507.2222222	-3.156688871	44757.6349	6.86986793	1.461666667
10	AZE	192.7777778	183.7555556	-4.680115274	172.0666667	-10.74351585	172.1555556	-10.69740634	158.8222222	-17.61383285	415.2666667	379.4	-8.637020389	338.4222222	-18.50484294	337.9777778	-18.61186921	304.5777778	-26.65489378	608.0444444	563.1555556	-7.382501279	510.4888889	-16.04414882	510.1333333	-16.10262408	463.4	-23.78846576	3878.7093	3.93156061	-0.685
11	BDI	232	221.6	-4.482758621	218.4666667	-5.833333333	202.6666667	-12.64367816	189.4666667	-18.33333333	708.6	671.9333333	-5.174522533	630.2	-11.06407	600.5333333	-15.25072914	540.2666667	-23.75576254	940.6	893.5333333	-5.003898221	848.6666667	-9.773903182	803.2	-14.60769721	729.7333333	-22.41831455	285.7274	0.04448538	-1.433333333
12	BEL	117.2666667	135.8	15.80443434	141.2	20.40932348	136.5333333	16.42978965	149.0666667	27.1176805	301.6666667	310.6	2.961325967	319.1333333	5.790055249	319.3333333	5.856353591	310.6666667	2.983425414	418.9333333	446.4	6.556333546	460.3333333	9.882240611	455.8666667	8.816040738	459.7333333	9.739019733	41271.4822	8.3281599	1.181666667
13	BEN	187.3103448	176.6034483	-5.716126657	174.862069	-6.645802651	174.7413793	-6.710235641	164.7931034	-12.02135493	502.6551724	456.0344828	-9.274885093	448.1034483	-10.85271318	447.0172414	-11.06880702	420.2413793	-16.39569184	689.9655172	632.637931	-8.308761058	622.9655172	-9.710630216	621.7586207	-9.885551502	585.0344828	-15.20815633	789.4404	0.61421385	-0.305
14	BFA	143.5531915	136.0638298	-5.217133541	128.7304965	-10.3255768	127.822695	-10.95795662	126.1843972	-12.09920458	407.4397163	394.2695035	-3.232432244	373.2978723	-8.379606259	369.7943262	-9.239499382	362.3687943	-11.06198541	550.9929078	530.3333333	-3.749517312	502.0283688	-8.886600592	497.6170213	-9.687218432	488.5531915	-11.33221779	627.1031	0.16201881	-0.435
15	BGD	210.3823529	197.6617647	-6.046414092	199.3235294	-5.256535719	196.3529412	-6.668530686	185.2647059	-11.93904655	648.4264706	605.7205882	-6.586079423	581.0147059	-10.39620801	577.0882353	-11.00174631	549.4852941	-15.25865784	858.8088235	803.3823529	-6.453877635	780.3382353	-9.137142759	773.4411765	-9.940238703	734.75	-14.44545283	1358.779	0.45914196	-0.815
16	BGR	146.1818182	152.3454545	4.21641791	145.8545455	-0.223880597	154.7272727	5.845771144	156.0181818	6.728855721	341.4909091	326.8181818	-4.296667022	303.6545455	-11.07975721	309.6363636	-9.328080077	291.9636364	-14.50324779	487.6727273	479.1636364	-1.744836328	449.5090909	-7.825665498	464.3636364	-4.779658489	447.9818182	-8.13884125	7469.0252	5.87161587	0.235
17	BHS	187.8888889	191.6666667	2.010644589	190.8888889	1.59668835	191.6666667	2.010644589	189.1111111	0.650502661	594.3333333	582.1111111	-2.056459151	574.6666667	-3.309029725	576.1111111	-3.065993644	568.1111111	-4.412039634	782.2222222	773.7777778	-1.079545455	765.5555556	-2.130681818	767.7777778	-1.846590909	757.2222222	-3.196022727	28785.4777	6.32325751	0.598333333
18	BIH	167.76	165.08	-1.597520267	162	-3.433476395	162.88	-2.908917501	157.96	-5.841678588	348.8	347.8	-0.286697248	342.52	-1.800458716	346.56	-0.642201835	330.2	-5.332568807	516.56	512.88	-0.712405142	504.52	-2.330803779	509.44	-1.378349079	488.16	-5.497909246	4808.4054	6.23471916	-0.376666667
19	BLR	116.8867925	134.1698113	14.78611784	130.509434	11.65456013	131.5849057	12.57465698	123.0377358	5.262308313	335.1320755	333.1320755	-0.596779642	323.3773585	-3.507487896	321.3584906	-4.109897534	295.8773585	-11.71320797	452.0188679	467.3018868	3.381057728	453.8867925	0.413240389	452.9433962	0.204533122	418.9150943	-7.323538006	4989.4278	6.7019577	-0.496666667
20	BLZ	262.375	238.375	-9.147212959	244.875	-6.669842782	236.25	-9.957122439	220.5	-15.95998094	796.25	707.875	-11.0989011	704	-11.5855573	679.375	-14.67817896	611	-23.26530612	1058.625	946.25	-10.61518479	948.875	-10.36722163	915.625	-13.50808832	831.5	-21.4547172	4744.7364	1.40760149	-0.29
21	BOL	199.9202899	189.8387681	-5.042770669	196.2844203	-1.818659611	195.2065217	-2.35782377	192.8532609	-3.534923339	620	562.3405797	-9.299906498	571.0688406	-7.892122487	562.4728261	-9.278576438	546.4202899	-11.86769518	819.9202899	752.1793478	-8.261893609	767.3532609	-6.411236511	757.6793478	-7.591096696	739.2735507	-9.835924312	3104.9561	1.9324195	-0.545
22	BRA	230.4472584	235.1526487	2.041851297	232.5027881	0.891974048	232.7286245	0.989973232	226.1171004	-1.879023436	715.802277	671.3592007	-6.208848119	646.6319703	-9.663325882	644.2829926	-9.991486014	608.722119	-14.95946038	946.2495353	906.5118494	-4.199493304	879.1347584	-7.092714389	877.0116171	-7.317088742	834.8392193	-11.7738833	8649.9485	2.59438828	-0.238333333
23	BRN	234	201	-14.1025641	195	-16.66666667	200.6666667	-14.24501425	190.6666667	-18.51851852	683.3333333	543.3333333	-20.48780488	515.3333333	-24.58536585	523	-23.46341463	493.6666667	-27.75609756	917.3333333	744.3333333	-18.85901163	710.3333333	-22.56540698	723.6666667	-21.1119186	684.3333333	-25.3997093	26939.4175	22.12470124	0.621666667
24	BTN	227.4210526	213.8947368	-5.947697292	214.3157895	-5.762554964	210.3157895	-7.521407082	208.4210526	-8.354547558	701.7368421	698.5789474	-0.45001125	699.7368421	-0.285007125	689.6315789	-1.725043126	680.5789474	-3.015075377	929.1578947	912.4736842	-1.795627053	914.0526316	-1.625693894	899.9473684	-3.143763453	889	-4.321966693	2773.5471	1.28932137	0.565
25	BWA	118.1979866	114.4295302	-3.188257673	97.73489933	-17.31255146	94.51006711	-20.04088238	63.38255034	-46.37594753	338.4798658	326.9731544	-3.399526109	284.5939597	-15.91997383	281.2516779	-16.90741273	193.1577181	-42.93376426	456.6778523	441.4026846	-3.344845323	382.3288591	-16.28040267	375.761745	-17.71842163	256.5402685	-43.82467485	6924.1498	3.24328764	0.575
26	CAF	190.5949367	207.8132911	9.034004118	206.2943038	8.237032609	208.3449367	9.312944146	201.8037975	5.880985588	523.3544304	527.9272152	0.873745314	523.4398734	0.016326037	522.1898734	-0.222517838	502.056962	-4.069415891	713.9493671	735.7405063	3.052196731	729.7341772	2.210914507	730.5348101	2.32305592	703.8607595	-1.413070458	382.2132	0.06659311	-1.58
27	CAN	76.1354438	87.96373472	15.53585339	90.19434983	18.46565191	91.77098778	20.53648498	100.8845923	32.50673698	273.3352034	303.8076538	11.14838119	307.1134041	12.35779378	312.8673613	14.46288564	335.0136245	22.56512165	349.4706472	391.7713885	12.10423298	397.307754	13.68844771	404.638349	15.78607597	435.8982168	24.73099539	42348.9455	15.11715878	1.59
28	CHE	141.2727273	145.1363636	2.734877735	151.0909091	6.94980695	153.3181818	8.526383526	158.7272727	12.35521236	327.0454545	322.9090909	-1.264767199	330.2272727	0.972897846	331	1.209173037	331.2727273	1.292564281	468.3181818	468.0454545	-0.058235465	481.3181818	2.775890517	484.3181818	3.416480637	490	4.629719499	79887.5182	4.31156299	1.786666667
29	CHL	57.08539945	63.42699725	11.10896632	64.67768595	13.29987453	65.4600551	14.67039861	68.20936639	19.48653605	256.9366391	277.5179063	8.010250032	282.2754821	9.861903332	284.7906336	10.84080285	294.2066116	14.505511	314.0220386	340.9449036	8.573559084	346.953168	10.48688481	350.2506887	11.53697693	362.415978	15.41100096	13792.9261	4.68737662	1.005
30	CHN	100.746278	105.2423988	4.462815766	103.7513105	2.982772724	103.5196058	2.752784317	102.2239463	1.466722447	283.0962466	300.6368211	6.195975664	299.6642902	5.852441993	298.5189767	5.447875172	298.4793458	5.433876064	383.8425246	405.87922	5.741077111	403.4156008	5.099246399	402.0385825	4.74050078	400.7032921	4.39262624	8123.1809	7.54390764	-0.306666667
31	CIV	239.552795	231.8881988	-3.199543663	227.4037267	-5.071561917	225.9006211	-5.699025099	210.4658385	-12.14219042	603.6832298	562.068323	-6.893500561	538.9192547	-10.72813886	539.3043478	-10.66434826	500.9689441	-17.01459982	843.2360248	793.9565217	-5.844093665	766.3229814	-9.121176185	765.2049689	-9.253762126	711.4347826	-15.63040932	1534.9737	0.49020605	-0.498333333
32	CMR	210.4094828	216.8318966	3.052340469	217.6594828	3.445662194	219.8922414	4.506811431	208.1982759	-1.050906484	570.1681034	544.112069	-4.569886377	539.5086207	-5.377270769	540.2758621	-5.242706703	515.362069	-9.612258938	780.5775862	760.9439655	-2.515268314	757.1681034	-2.998994997	760.1681034	-2.614664208	723.5603448	-7.304493799	1374.5142	0.31492807	-1.051666667
33	COD	197.4370245	186.0549451	-5.764916427	186.9881657	-5.292248938	184.3144548	-6.646458419	175.9450549	-10.88548089	508.7438715	471.9788673	-7.22662351	473.0650888	-7.013113033	465.419273	-8.515994178	436.9399831	-14.11395644	706.180896	658.0338123	-6.817953297	660.0532544	-6.531986613	649.7337278	-7.993301509	612.885038	-13.21132567	449.3715	0.06336919	NA
34	COG	213.0171429	210.4685714	-1.196416117	208.5428571	-2.100434573	208.6057143	-2.070926552	194.3028571	-8.785342561	540.5142857	521.1942857	-3.574373612	521.0342857	-3.60397505	514.2971429	-4.85040702	474.8342857	-12.15139021	753.5314286	731.6628571	-2.902144569	729.5771429	-3.178936512	722.9028571	-4.064670731	669.1371429	-11.1998362	1528.2447	0.63536929	-1.11
35	COL	275.7258621	278.637931	1.056146472	277.6775862	0.707849501	277.1896552	0.530887126	274.1586207	-0.56840565	907.7534483	895.8931034	-1.306560151	877.4465517	-3.338670496	873.9448276	-3.72442768	847.2	-6.67069328	1183.47931	1174.531034	-0.756099053	1155.124138	-2.395916191	1151.134483	-2.733028563	1121.358621	-5.248988226	5805.6054	1.75953717	-0.181666667
36	COM	7	6	-14.28571429	7	0	6	-14.28571429	5	-28.57142857	50	48	-4	49	-2	48	-4	46	-8	57	54	-5.263157895	56	-1.754385965	54	-5.263157895	51	-10.52631579	775.0801	0.20281412	-0.883333333
37	CPV	94.66666667	94.66666667	0	92.33333333	-2.464788732	94	-0.704225352	96	1.408450704	346.3333333	317.3333333	-8.373435996	311	-10.20211742	311	-10.20211742	298.6666667	-13.76323388	441	412	-6.575963719	403.3333333	-8.541194255	405	-8.163265306	394.6666667	-10.50642479	2997.7527	0.93340324	0.508333333
38	CRI	325.2608696	322.5217391	-0.842133405	321.4782609	-1.16294613	316.4347826	-2.71354097	304.2608696	-6.456356102	1133.782609	1097.956522	-3.159872685	1057.521739	-6.726233846	1049.565217	-7.428001687	965.6521739	-14.8291598	1459.043478	1420.478261	-2.643184934	1379	-5.486024197	1366	-6.377018893	1269.913043	-12.96263186	11824.6381	1.63095106	0.586666667
39	CUB	248.1132075	234.4716981	-5.498098859	227.9245283	-8.136882129	224.1132075	-9.673003802	217.1509434	-12.47908745	714.1132075	663.490566	-7.088881843	638.2264151	-10.6267174	633.3962264	-11.30310717	613.0188679	-14.15662651	962.2264151	897.9622642	-6.678693282	866.1509434	-9.984705283	857.509434	-10.88277972	830.1698113	-13.72406761	NA	3.04521062	-0.46
40	CYN	NA	NA	NA	NA	NA	NA	NA	NA	NA	NA	NA	NA	NA	NA	NA	NA	NA	NA	234	187.5	-19.87179487	179.5	-23.29059829	173	-26.06837607	166.5	-28.84615385	NA	NA	NA
41	CYP	66.5	63	-5.263157895	60	-9.77443609	62.5	-6.015037594	52	-21.80451128	199	175	-12.06030151	160.5	-19.34673367	164.5	-17.33668342	139.5	-29.89949749	265.5	238	-10.35781544	220.5	-16.94915254	227	-14.50094162	191.5	-27.87193974	23541.4882	5.26035204	0.818333333
42	CZE	166.6153846	157.4615385	-5.493998153	156.1794872	-6.263465682	155.0769231	-6.925207756	150.8461538	-9.4644506	380	347.5128205	-8.54925776	347.5384615	-8.542510121	341.6410256	-10.09446694	319.9230769	-15.8097166	546.6153846	504.974359	-7.61797542	503.7179487	-7.847828126	496.7179487	-9.128436063	470.7692308	-13.87559809	18483.7165	9.16597838	0.95
43	DEU	139.3756906	147.558011	5.870694098	146.0552486	4.792484243	144.9116022	3.971934832	144.4309392	3.627066239	325.3425414	326.4364641	0.3362372	325.0607735	-0.086606552	324.5359116	-0.247932481	311.5524862	-4.238626522	464.718232	473.9944751	1.99610053	471.1160221	1.376703046	469.4475138	1.0176665	455.9834254	-1.879591982	42161.3197	8.8893704	1.495
44	DJI	76.36363636	80.72727273	5.714285714	79.18181818	3.69047619	80.36363636	5.238095238	80.09090909	4.880952381	178.7272727	190.7272727	6.714140387	178.0909091	-0.356052899	184.8181818	3.407934893	190	6.307222787	255.0909091	271.4545455	6.414825374	257.2727273	0.85531005	265.1818182	3.955808981	270.0909091	5.880256593	NA	0.79196175	-0.788333333
45	DNK	134.2083333	141.625	5.526234089	146.4166667	9.096553865	145.7916667	8.630859981	154.375	15.02638932	352.125	348.7083333	-0.970299373	345.6666667	-1.834102473	348.6666667	-0.982132292	335.375	-4.756833511	486.3333333	490.3333333	0.822481151	492.0833333	1.182316655	494.4583333	1.670664839	489.75	0.702535984	53578.7566	5.93571248	1.683333333
46	DOM	250.6	262.04	4.565043895	240.76	-3.926576217	243.28	-2.920989625	232.88	-7.071029529	779.8	792	1.564503719	669.24	-14.17799436	678.12	-13.03924083	618.6	-20.67196717	1030.4	1054.04	2.294254658	910	-11.68478261	921.4	-10.57841615	851.48	-17.36413043	6722.2235	2.06998663	-0.243333333
47	DZA	34.72372881	34.64152542	-0.236735491	32.78389831	-5.586469468	32.79745763	-5.547420315	29.79576271	-14.19192659	57.70423729	55.05423729	-4.592383722	50.76355932	-12.02802132	50.71694915	-12.10879558	43.96355932	-23.81225125	92.4279661	89.69576271	-2.956035392	83.54745763	-9.608031908	83.51440678	-9.6437904	73.75932203	-20.19804704	3916.8816	3.7174099	-0.815
48	ECU	275.40625	271.71875	-1.338931124	274.1875	-0.442528084	277.8359375	0.882219449	277.21875	0.658118688	932.9921875	902.6328125	-3.253979552	905.140625	-2.985187108	920.4765625	-1.341450139	914.015625	-2.03394656	1208.398438	1174.351563	-2.817520608	1179.328125	-2.405689349	1198.3125	-0.834653305	1191.234375	-1.420397608	6018.5269	2.76170217	-0.396666667
49	EGY	35.94357977	33.5077821	-6.776725304	30	-16.53585927	29.8618677	-16.92016238	28.10894942	-21.797023	40.57003891	39.07782101	-3.678127847	35.78793774	-11.78727281	35.92412451	-11.4515897	32.24708171	-20.51503381	76.51361868	72.58560311	-5.133746949	65.78793774	-14.01800244	65.78599222	-14.02054516	60.35603113	-21.11727014	3477.8517	2.19898025	-0.815
50	ERI	124.0983607	123.557377	-0.435931308	117.8196721	-5.059445178	118.5901639	-4.438573316	111.6557377	-10.02642008	381.3114754	368.5245902	-3.353396389	346.8196721	-9.045571797	352.1311475	-7.652622528	327.3278689	-14.15735168	505.4098361	492.0819672	-2.637041842	464.6393443	-8.066818034	470.7213115	-6.863444697	438.9836066	-13.14304249	NA	NA	-1.61
51	ESH	47.125	46.58333333	-1.149425287	46.22916667	-1.900972591	46.95833333	-0.353669319	45.91666667	-2.564102564	72.5	73.52083333	1.408045977	73.77083333	1.752873563	74.97916667	3.41954023	72.35416667	-0.201149425	119.625	120.1041667	0.400557297	120	0.313479624	121.9375	1.933124347	118.2708333	-1.132009753	NA	NA	NA
52	ESP	199.2109375	189.6289063	-4.809992549	192.890625	-3.172673438	194.640625	-2.294207616	187.4296875	-5.91395741	419.640625	377.4335938	-10.05789924	372.9726563	-11.12093681	376.4648438	-10.28875154	346.21875	-17.49636966	618.8515625	567.0625	-8.368575865	565.8632813	-8.562357189	571.1054688	-7.715274008	533.6484375	-13.76794213	26616.4881	5.03382449	0.806666667
53	EST	120.7916667	147.9583333	22.49051397	149.9166667	24.11176268	148.5833333	23.00793377	139.7916667	15.72956192	348.0416667	355.25	2.071112175	347.625	-0.119717467	345	-0.873937507	329.7083333	-5.267568538	468.8333333	503.2083333	7.332029861	497.5416667	6.123355848	493.5833333	5.2790615	469.5	0.142196943	17736.8027	14.84881917	1.218333333
54	ETH	191.3686957	186.6678261	-2.456446468	184.093913	-3.801448604	183.1043478	-4.318547398	180.6713043	-5.58993793	594.0278261	568.706087	-4.262719357	551.0921739	-7.227885679	546.1513043	-8.059642939	534.6886957	-9.989284648	785.3965217	755.373913	-3.822605253	735.186087	-6.393004475	729.2556522	-7.148092462	715.36	-8.917345545	706.7575	0.11912401	-0.833333333
55	FIN	82.23837209	109.4476744	33.08589608	120.8081395	46.89996465	121.2325581	47.41604807	128.7093023	56.50759986	299.8662791	336.2034884	12.11780445	344.3837209	14.84576458	340.5581395	13.57000213	335.5465116	11.89871454	382.1046512	445.6511628	16.6306564	465.1918605	21.74462128	461.7906977	20.85450838	464.255814	21.49965004	43433.0322	8.66072124	1.76
56	FJI	34.77777778	42.22222222	21.4057508	40	15.01597444	40.55555556	16.61341853	34.88888889	0.319488818	225.5555556	231	2.413793103	225.4444444	-0.049261084	224.5555556	-0.443349754	210.4444444	-6.699507389	260.3333333	273.2222222	4.950917627	265.4444444	1.963294921	265.1111111	1.835253948	245.3333333	-5.76184379	5233.4694	1.32057471	0.208333333
57	FLK	27.33333333	28.66666667	4.87804878	28.16666667	3.048780488	28.83333333	5.487804878	28.33333333	3.658536585	202.8333333	212.3333333	4.683648316	215.1666667	6.080525883	214.6666667	5.834018077	211.6666667	4.354971241	230.1666667	241	4.706734251	243.3333333	5.720492397	243.5	5.792903693	240	4.272266474	NA	NA	NA
58	FRA	131.8896797	141.4590747	7.255605623	145.8434164	10.57985483	149.252669	13.16478239	153.1494662	16.11937077	327.7508897	321.5836299	-1.881691242	322.1494662	-1.709049056	326.911032	-0.256248778	316.9715302	-3.288887924	459.6405694	463.0427046	0.740172965	467.9928826	1.817140114	476.1637011	3.594794014	470.1209964	2.280135337	36857.1192	4.57318215	1.116666667
59	FRO	103	101	-1.941747573	110	6.796116505	105	1.941747573	115	11.65048544	359	357	-0.557103064	380	5.849582173	364	1.39275766	380	5.849582173	462	458	-0.865800866	490	6.060606061	469	1.515151515	495	7.142857143	NA	12.23784857	NA
60	FSM	NA	NA	NA	NA	NA	NA	NA	NA	NA	NA	NA	NA	NA	NA	NA	NA	NA	NA	210	188	-10.47619048	180	-14.28571429	186	-11.42857143	176	-16.19047619	NA	NA	0.341666667
61	GAB	240.6031746	254.2936508	5.690064652	250.2142857	3.994590315	247.1904762	2.73782821	230.8412698	-4.057263491	639.2380952	635.2619048	-0.622020262	624.4444444	-2.314263012	617.8015873	-3.353446563	578.031746	-9.574890743	879.8412698	889.5555556	1.104095255	874.6587302	-0.589031211	864.9920635	-1.687714234	808.8730159	-8.066029226	7179.3407	2.76826572	-0.741666667
62	GBR	114.4416667	122.6583333	7.179785917	127.275	11.21386441	129.1	12.80856331	136.1583333	18.97618874	342.7583333	345.9416667	0.92873988	349.9083333	2.086017845	353.9166667	3.255452092	350.6833333	2.312124675	457.2	468.6	2.49343832	477.1833333	4.370807816	483.0166667	5.646689997	486.8416667	6.48330417	40412.0336	6.49744049	1.333333333
63	GEO	163.0540541	170.3783784	4.491960882	161.2702703	-1.093983093	164.7297297	1.027681087	153.8378378	-5.65224598	374.4324324	371	-0.916702757	352.1081081	-5.962176989	355.2972973	-5.110437419	331.4864865	-11.46961166	537.4864865	541.3783784	0.724091115	513.3783784	-4.485342183	520.027027	-3.248353196	485.3243243	-9.704832303	3865.7857	2.41154199	0.431666667
64	GHA	222.8739496	216.1764706	-3.005052409	210.7563025	-5.436995702	210.0504202	-5.753713898	201.2689076	-9.693839077	555.7142857	523.4369748	-5.808256465	499.7983193	-10.06199909	499.487395	-10.11794949	478.0504202	-13.9755028	778.5882353	739.6134454	-5.005828261	710.5546218	-8.738073652	709.5378151	-8.868669861	679.3193277	-12.74985969	1513.461	0.53653338	0.046666667
65	GIN	186.6829268	190.7479675	2.17751067	186.3577236	-0.174200854	186.1869919	-0.265656302	180.5772358	-3.270621026	536.5691057	520.7398374	-2.950089397	500.2682927	-6.765356526	500.5365854	-6.715355011	473.0731707	-11.83369193	723.2520325	711.4878049	-1.626573741	686.6260163	-5.064073741	686.7235772	-5.050584532	653.6504065	-9.623426259	661.5278	0.20749262	-0.938333333
66	GMB	146.4	147.4	0.683060109	132.6	-9.426229508	127.4	-12.97814208	123.6	-15.57377049	440.2	408.8	-7.133121308	367.2	-16.58337119	361.6	-17.85552022	358.2	-18.62789641	586.6	556.2	-5.182407092	499.8	-14.79713604	489	-16.63825435	481.8	-17.86566655	473.1904	0.26768489	-0.395
67	GNB	151.5	155.125	2.392739274	148.8125	-1.773927393	149.375	-1.402640264	141.9375	-6.311881188	456.1875	443.8125	-2.71270037	410.75	-9.96026853	408.8125	-10.38498424	385.5	-15.49527333	607.6875	598.9375	-1.439884809	559.5625	-7.919366451	558.1875	-8.145634064	527.4375	-13.20580068	641.596	0.15724117	-1.131666667
68	GNQ	257.4117647	265.2352941	3.039305302	265.9411765	3.313528336	264.2941176	2.673674589	253.4705882	-1.531078611	626.1176471	609.4117647	-2.668169861	602	-3.851935363	599.7647059	-4.208944006	562.9411765	-10.09019166	883.5294118	874.6470588	-1.005326232	867.9411765	-1.764314248	864.0588235	-2.203728362	816.4117647	-7.596537949	8747.3535	4.73381653	-1.29
69	GRC	211.5970149	217.4029851	2.743880934	205.1044776	-3.068350145	212.119403	0.246878747	199.0298507	-5.939197291	459.1044776	437.4776119	-4.710663199	399.0298507	-13.08517555	412.7462687	-10.09752926	380.2835821	-17.16840052	670.7014925	654.880597	-2.358857957	604.1343284	-9.92500612	624.8656716	-6.834012061	579.3134328	-13.62574271	17890.5749	6.18033727	0.278333333
70	GRD	NA	NA	NA	NA	NA	NA	NA	NA	NA	NA	NA	NA	NA	NA	NA	NA	NA	NA	1064	978	-8.082706767	892	-16.16541353	919	-13.62781955	863	-18.89097744	NA	NA	0.28
71	GRL	34.88446215	40.16733068	15.14390132	44.00199203	26.13636364	43.89243028	25.82229328	50.3625498	44.36957515	109.1394422	134.9820717	23.67854275	149.6195219	37.09023874	151.4741036	38.78951595	176.6752988	61.88033876	144.0239044	175.1494024	21.61134163	193.6215139	34.43706777	195.3665339	35.64868603	227.0378486	57.63900415	NA	8.98918199	1.398333333
72	GTM	273.4310345	253.0862069	-7.440570023	252.5862069	-7.62343149	246.5	-9.849296929	233.7758621	-14.50280598	864.5689655	761.2931034	-11.94535846	738.9827586	-14.52587496	719.137931	-16.82121847	659.0862069	-23.76707548	1138	1014.37931	-10.862978	991.5689655	-12.86740198	965.637931	-15.14605175	892.862069	-21.54111872	4146.7441	1.15097799	-0.605
73	GUF	294.2619048	292.5	-0.598753944	288.1190476	-2.087547536	285.7142857	-2.904765758	257.6904762	-12.42818998	985.5952381	891.7619048	-9.520473487	837.3571429	-15.04046382	836.2380952	-15.15400411	705.4761905	-28.42130692	1279.857143	1184.261905	-7.469211594	1125.47619	-12.06235815	1121.952381	-12.3376865	963.1666667	-24.74420508	NA	NA	1.116666667
74	GUM	NA	NA	NA	NA	NA	NA	NA	NA	NA	NA	NA	NA	NA	NA	NA	NA	NA	NA	219	219	0	200	-8.675799087	198	-9.589041096	186	-15.06849315	NA	NA	0.716
75	GUY	270.7264151	263.9245283	-2.512457748	248.7358491	-8.122800293	255.4150943	-5.655643447	239.5660377	-11.50991393	849.1698113	776.4150943	-8.567746523	685.2358491	-19.30520375	705.5754717	-16.90996756	628.8773585	-25.94209661	1119.896226	1040.339623	-7.103926408	933.9716981	-16.60194257	960.990566	-14.1893201	868.4433962	-22.45322596	4529.1394	2.63234795	-0.211666667
76	HKG	NA	NA	NA	NA	NA	NA	NA	NA	NA	NA	NA	NA	NA	NA	NA	NA	NA	NA	473	479	1.268498943	427	-9.725158562	475	0.422832981	428	-9.513742072	NA	NA	1.47
77	HND	275.4035088	256.8070175	-6.752452542	258.7192982	-6.058096573	250.6666667	-8.982035928	232.9824561	-15.40323608	845.5263158	755.1403509	-10.68990559	748.7368421	-11.44724556	725.3333333	-14.21516755	632.4210526	-25.20385932	1120.929825	1011.947368	-9.722504813	1007.45614	-10.12317468	976	-12.92942889	865.4035088	-22.79592444	2361.1602	1.07522179	-0.631666667
78	HRV	159.8387097	161.4516129	1.009081736	157.9354839	-1.190716448	160.6129032	0.484359233	158.0967742	-1.089808274	345.1935484	337.0322581	-2.364265022	327.0645161	-5.251845622	329.3548387	-4.588356228	317.3548387	-8.064666854	505.0322581	498.483871	-1.296627491	485	-3.966530404	489.9677419	-2.982881962	475.4516129	-5.857179356	12149.1896	3.97380491	0.438333333
79	HTI	264.9333333	264.3333333	-0.226472068	254.4	-3.975842979	252.8	-4.579768495	244.4666667	-7.72521389	807.6666667	808.6666667	0.123813454	723.8	-10.38382171	740.4	-8.328518366	644.5333333	-20.19810153	1072.6	1073	0.03729256	978.2	-8.801044192	993.2	-7.402573187	889	-17.1172851	739.5954	0.27053859	-1.135
80	HUN	160.6666667	143.625	-10.60684647	138.5833333	-13.74481328	141.1875	-12.12396266	134.4375	-16.32520747	353.5	311.5	-11.88118812	296.6666667	-16.07732202	291.6666667	-17.49174917	265.8333333	-24.79962282	514.1666667	455.125	-11.48298217	435.25	-15.34846029	432.8541667	-15.81442464	400.2708333	-22.15153971	12820.0882	4.26557498	0.463333333
81	IDN	196.8420491	189.8025614	-3.576211363	183.2177161	-6.921454557	181.5368196	-7.775386167	171.0533618	-13.10120852	568.1120598	531.8335112	-6.385808563	509.5784418	-10.30318173	505.6574173	-10.99336678	481.9903949	-15.1592742	764.9541089	721.6360726	-5.662828108	692.796158	-9.432977753	687.1942369	-10.16529894	653.0437567	-14.62968182	3570.2949	1.81936332	-0.133333333
82	IND	150.5890751	153.2656735	1.777418703	149.9764122	-0.406844216	148.0937306	-1.65705547	141.8038485	-5.833906982	475.361887	479.8988206	0.954416773	466.3705773	-1.891466268	466.1638734	-1.934949752	447.2594662	-5.911795124	625.9509621	633.1644941	1.152411675	616.3469894	-1.53430113	614.257604	-1.868094926	589.0633147	-5.893057069	1709.5918	1.73000043	-0.106666667
83	IRL	106.6486486	125.5675676	17.73948302	130.1081081	21.99695895	134.5405405	26.1530664	142.3783784	33.50228079	340.3243243	359	5.487611182	359.5135135	5.638500635	373.7027027	9.807814485	379.7567568	11.58672173	446.972973	484.5675676	8.410932398	489.6216216	9.541661628	508.2432432	13.7078244	522.1351351	16.81581812	64175.4377	7.31393981	1.396666667
84	IRN	103.4830508	97.07506053	-6.192309042	90.50363196	-12.54255531	90.91283293	-12.1471273	82.33535109	-20.43590674	215.279661	190.5895884	-11.46883664	171.7590799	-20.21583503	174.216707	-19.07423758	152.2142857	-29.29462774	318.7627119	287.6646489	-9.755865977	262.2627119	-17.72478333	265.12954	-16.82542215	234.5496368	-26.41873467	5219.1094	8.28302079	-1.001666667
85	IRQ	55.22421525	49.13901345	-11.01908242	43.60986547	-21.03126269	43	-22.13560698	35.41704036	-35.86682907	103.735426	90.35874439	-12.89499849	78.05829596	-24.75251805	76.56950673	-26.18769723	60.22421525	-41.94440842	158.9596413	139.4977578	-12.24328594	121.6681614	-23.45971564	119.5695067	-24.77995938	95.64125561	-39.83299481	4609.6007	4.81183969	-1.541666667
86	ISL	95.36538462	92.38461538	-3.125630167	98.17307692	2.944141964	94.17307692	-1.250252067	100.3846154	5.263157895	332.1538462	339.0769231	2.084298286	355	6.878184345	341.5384615	2.825382121	351.6538462	5.870773506	427.5192308	431.4615385	0.922135756	453.1730769	6.000629751	435.7115385	1.916243084	452.0384615	5.735234582	60529.9268	6.05965741	1.545
87	ISR	67.18181818	50.18181818	-25.30446549	46.90909091	-30.1759134	46.36363636	-30.98782138	45.45454545	-32.34100135	136.2727273	101.7272727	-25.35023349	96.63636364	-29.08605737	95.54545455	-29.88659106	85.45454545	-37.29152769	203.4545455	151.9090909	-25.33512064	143.5454545	-29.44593387	141.9090909	-30.25022341	130.9090909	-35.65683646	37180.5271	7.86318135	0.66
88	ITA	177.0974026	180.4480519	1.89198108	181.0454545	2.22931104	182.4350649	3.01396986	182.8831169	3.26696733	380.6558442	361.1363636	-5.127855205	351.3311688	-7.703723921	353.3051948	-7.185138432	341.2532468	-10.35123932	557.7532468	541.5844156	-2.898921927	532.3766234	-4.549793932	535.7402597	-3.946725033	524.1363636	-6.027196312	30668.9814	5.27086679	0.488333333
89	JAM	281.5	283.6666667	0.769686205	285	1.243339254	279.1666667	-0.828892836	272.5	-3.197158082	890.3333333	848.8333333	-4.66117559	825	-7.338075627	787.5	-11.54998128	741.8333333	-16.67914639	1171.833333	1132.5	-3.356563789	1110	-5.276632058	1066.666667	-8.974541317	1014.333333	-13.44047788	4878.5758	2.59321537	0.248333333
90	JOR	62.31111111	53.84444444	-13.58773181	49.97777778	-19.79315264	49.15555556	-21.11269615	42.35555556	-32.0256776	101.2	79.95555556	-20.99253404	73.62222222	-27.25076856	72.13333333	-28.72200264	58.2	-42.49011858	163.5111111	133.8	-18.17069856	123.6	-24.40880674	121.2888889	-25.8222343	100.5555556	-38.50231041	4087.9375	3.00251473	-0.085
91	JPN	66.27956989	67.04301075	1.151849448	68.19354839	2.887735237	68.20967742	2.912070084	69	4.104477612	202.1666667	197.9408602	-2.090258756	198.3387097	-1.893465947	200.1451613	-0.999920219	200.3064516	-0.920139351	268.4462366	264.983871	-1.289779896	266.5322581	-0.712983918	268.3548387	-0.034046985	269.3064516	0.32044221	38972.3406	9.5387061	1.34
92	KAS	NA	NA	NA	NA	NA	NA	NA	NA	NA	NA	NA	NA	NA	NA	NA	NA	NA	NA	105	151	43.80952381	172	63.80952381	167	59.04761905	183	74.28571429	NA	NA	NA
93	KAZ	88.9762931	97.16738506	9.205926285	94.5545977	6.26942796	94.16666667	5.833434258	86.89727011	-2.336603286	263.7952586	277.7399425	5.286176856	270.7722701	2.644858566	268.1271552	1.642143447	252.6436782	-4.227361977	352.7715517	374.9073276	6.274818861	365.3268678	3.559050051	362.2938218	2.699273813	339.5409483	-3.750473467	7714.6936	14.36316974	-0.323333333
94	KEN	189.910299	182.9036545	-3.689449469	178.282392	-6.122841698	179.5016611	-5.480818012	178.3853821	-6.068610815	544.2923588	513.5448505	-5.649079545	492.2026578	-9.570169442	493.9468439	-9.249719225	485.8504983	-10.73721861	734.2026578	696.448505	-5.142197787	670.4850498	-8.678476889	673.448505	-8.274847847	664.2358804	-9.529627367	1455.3598	0.31041531	-0.57
95	KGZ	154.3431373	150.2254902	-2.667852379	155.8039216	0.946452392	152.8529412	-0.96550848	156.7156863	1.537191133	436.1862745	426.7254902	-2.168977996	434.5098039	-0.384347396	424.0490196	-2.782585242	419.8039216	-3.755815783	590.5294118	576.9509804	-2.299365807	590.3137255	-0.036524222	576.9019608	-2.307666766	576.5196078	-2.372414251	1077.6031	1.64639534	-0.628333333
96	KHM	234.4361702	225.1808511	-3.947905795	219.4574468	-6.389254436	218.2978723	-6.883877116	210.2234043	-10.32808459	623.6595745	578.893617	-7.177947598	562.0425532	-9.879912664	560.4361702	-10.13748635	536.7765957	-13.93115448	858.0957447	804.0744681	-6.295483567	781.5	-8.926246885	778.7340426	-9.248583578	747	-12.94677725	1269.9072	0.43776	-0.77
97	KIR	NA	NA	NA	NA	NA	NA	NA	NA	NA	NA	NA	NA	NA	NA	NA	NA	NA	NA	227	168	-25.99118943	163	-28.1938326	164	-27.75330396	161	-29.07488987	NA	NA	0.326666667
98	KNA	NA	NA	NA	NA	NA	NA	NA	NA	NA	NA	NA	NA	NA	NA	NA	NA	NA	NA	798	874	9.523809524	821	2.882205514	830	4.010025063	802	0.501253133	NA	NA	0.608333333
99	KOR	143	142.1764706	-0.575894694	143.4509804	0.315370904	148.8039216	4.058686412	142.4705882	-0.370218017	357.2156863	350.6666667	-1.83335163	340.0784314	-4.797453068	355.9803922	-0.345811834	340.3137255	-4.731584148	500.2156863	492.8431373	-1.473874015	483.5294118	-3.335815923	504.7843137	0.913331504	482.7843137	-3.484771275	27538.8061	11.57034541	0.908333333
100	KOS	NA	NA	NA	NA	NA	NA	NA	NA	NA	NA	NA	NA	NA	NA	NA	NA	NA	NA	485.1666667	493	1.614565441	478.8333333	-1.305393336	489.8333333	0.961868774	447	-7.86671247	NA	NA	NA
101	KWT	45.11111111	40.33333333	-10.591133	37.44444444	-16.99507389	36.22222222	-19.7044335	31.55555556	-30.04926108	77.55555556	62.77777778	-19.05444126	54.33333333	-29.94269341	54	-30.37249284	40.88888889	-47.27793696	122.6666667	103.1111111	-15.94202899	91.77777778	-25.18115942	90.22222222	-26.44927536	72.44444444	-40.94202899	27359.2303	25.22386443	-0.115
102	LAO	278.8898305	269.6016949	-3.33039594	258.4237288	-7.338418062	256.7033898	-7.955270595	233.440678	-16.29645386	817.5423729	780.4322034	-4.539234995	750	-8.261635742	750.1610169	-8.2419405	685.6779661	-16.12936664	1096.432203	1050.033898	-4.231753221	1008.423729	-8.026804968	1006.864407	-8.169022793	919.1186441	-16.17186715	2338.6922	0.29720088	-0.766666667
103	LBN	74.6	69	-7.506702413	65.6	-12.06434316	65.6	-12.06434316	58	-22.25201072	226.6	208.2	-8.120035305	195	-13.94527802	194.6	-14.12180053	166.4	-26.56663725	301.2	277.2	-7.96812749	260.6	-13.47941567	260.2	-13.6122178	224.4	-25.49800797	8257.2944	4.29573255	-0.831666667
104	LBR	248.9787234	233.0638298	-6.392069732	230.7021277	-7.340625534	229.3404255	-7.887540591	217.3829787	-12.69013844	578.1914894	543.9361702	-5.924563017	536.5319149	-7.205151794	533.5957447	-7.712971481	501.7234043	-13.22539098	827.1702128	777	-6.065282815	767.2340426	-7.24592947	762.9361702	-7.765516887	719.106383	-13.06427965	455.3707	0.21296766	-0.73
105	LBY	35.0496368	31.60653753	-9.823494871	28.8377724	-17.72304929	28.69007264	-18.14445097	25.45399516	-27.37729267	41.79782082	39.87651332	-4.59666908	37.19854722	-11.00362056	37.30145278	-10.75742216	31.23486683	-25.27154236	76.84745763	71.48305085	-6.98059109	66.03631961	-14.06830928	65.99152542	-14.12659903	56.68886199	-26.23196169	NA	9.18684539	-1.905
106	LKA	230.71875	219.28125	-4.957334417	209.09375	-9.372883652	205.28125	-11.02532846	198.875	-13.80197752	671.21875	654.9375	-2.425625029	624.46875	-6.964942502	622.46875	-7.262907957	606.25	-9.679221565	901.9375	874.21875	-3.073245097	833.5625	-7.580902224	827.75	-8.225348209	805.125	-10.73383688	3835.3948	0.88554581	-0.145
107	LTU	131.5833333	153.5277778	16.67722187	148.8333333	13.10956301	151.3888889	15.0517205	140.7777778	6.98754486	357.3055556	355.6111111	-0.474228407	342.8055556	-4.058151287	347.0555556	-2.868693151	328.8611111	-7.96081785	488.8888889	509.1388889	4.142045455	491.6388889	0.5625	498.4444444	1.954545455	469.6388889	-3.9375	14912.6865	4.37809012	0.885
108	LVA	126.40625	150.71875	19.23362176	148.40625	17.40420272	148.1875	17.23114957	140.875	11.44622991	350.65625	355.03125	1.247660636	343.34375	-2.085375635	343.90625	-1.924962125	326.15625	-6.986899563	477.0625	505.75	6.013363029	491.75	3.078737063	492.09375	3.150792611	467.03125	-2.102711909	14071.0272	3.49819288	0.791666667
109	MAR	69.04934211	64.65460526	-6.364632462	62.58223684	-9.365918727	62.13486842	-10.01381544	57.36184211	-16.92630175	156.8552632	137.2467105	-12.50104857	126.1776316	-19.55792299	127.4342105	-18.7568157	109.3684211	-30.27430585	225.9046053	201.9013158	-10.62540954	188.7598684	-16.44266473	189.5690789	-16.08445577	166.7302632	-26.19439388	2892.7756	1.74437997	-0.3
110	MDA	156.7647059	139.7647059	-10.84427767	130.6470588	-16.66041276	125.4705882	-19.96247655	126.6470588	-19.2120075	355.6470588	310.7058824	-12.63645385	294.4705882	-17.20145551	280	-21.27026133	269.4117647	-24.24743632	512.4117647	450.4705882	-12.08816439	425.1176471	-17.03593158	405.4705882	-20.87016416	396.0588235	-22.70692228	1900.2261	1.38682914	-0.353333333
111	MDG	13.77666667	8.72	-36.70457295	8.236666667	-40.2129204	7.48	-45.70529881	7.043333333	-48.87490927	63.21666667	59.08	-6.543633008	57	-9.833904561	56.29666667	-10.94648036	55.03666667	-12.93962563	76.99333333	67.8	-11.94042774	65.23666667	-15.26972032	63.77666667	-17.1659884	62.08	-19.36964239	401.7423	0.13042132	-0.753333333
112	MEX	190.4224924	184.0567376	-3.342963708	182.9199595	-3.939940515	181.5116515	-4.679510713	173.1215805	-9.085540072	489.7629179	465.2107396	-5.013074167	455.0506586	-7.087563819	449.6828774	-8.183559649	427.4407295	-12.72497083	680.1854103	649.2674772	-4.545515482	637.970618	-6.20636545	631.1945289	-7.20257752	600.56231	-11.70608765	8208.556	3.86624111	-0.351666667
113	MKD	155.4615385	149.5384615	-3.809995052	146.6153846	-5.69025235	153.7692308	-1.088570015	142.8461538	-8.114794656	356.6923077	332.6153846	-6.750053914	316.8461538	-11.17101574	323.3076923	-9.359499677	289.7692308	-18.76213069	512.1538462	482.1538462	-5.857614899	463.4615385	-9.507359567	477.0769231	-6.848903575	432.6153846	-15.53018925	5237.1477	3.61493818	-0.04
114	MLI	77.32025118	84.18053375	8.872555986	78.72370487	1.815117861	77.46310832	0.184760319	75.15855573	-2.795768786	199.4945055	213.8053375	7.173546955	197.3500785	-1.074930358	194.6452119	-2.430790538	187.599686	-5.962479737	276.8147567	297.9858713	7.648116327	276.0737834	-0.2676784	272.1083203	-1.700211534	262.7582418	-5.077949992	779.9448	0.08322866	-0.901666667
115	MMR	251.1861862	242.5225225	-3.449100365	238.6756757	-4.980572658	233.7057057	-6.959172694	218.5075075	-13.00974356	741.0720721	706.8168168	-4.622391876	687.6096096	-7.214205538	678.5795796	-8.432714556	637.4144144	-13.9875272	992.2582583	949.3393393	-4.32537785	926.2852853	-6.64877036	912.2852853	-8.059693362	855.9219219	-13.74000521	1195.5154	0.41660036	-0.94
116	MNE	165.8571429	172.1428571	3.789836348	168.1428571	1.378122308	171.2857143	3.273040482	172.2857143	3.875968992	356.7142857	371.2857143	4.084901882	362.8571429	1.72206648	375.7142857	5.32639167	362.5714286	1.641970364	522.5714286	543.4285714	3.99125205	531	1.612903226	547	4.674685621	534.8571429	2.351011482	7028.9348	3.55607179	0.133333333
117	MNG	79.79345088	90.19647355	13.03743923	90.49244332	13.40835911	91.6511335	14.86047099	88.60075567	11.03762864	223.209068	256.7821159	15.04107703	258.6926952	15.89703659	263.47733	18.04060306	263.2481108	17.93791049	303.0025189	346.9785894	14.51343398	349.1851385	15.24166196	355.1284635	17.20313903	351.8488665	16.12077279	3694.0826	7.12732635	0.015
118	MOZ	181.4015152	159.5353535	-12.05401267	147.6893939	-18.58425559	144.2626263	-20.47330688	139.6893939	-22.99436208	576.3636364	514.0151515	-10.81756046	472.209596	-18.07089029	456.7525253	-20.75271644	428.6414141	-25.63003856	757.7651515	673.5505051	-11.11355494	619.8989899	-18.19378489	601.0151515	-20.68582854	568.3308081	-24.99908356	382.0693	0.30966661	-0.778333333
119	MRT	50.37428023	57.03262956	13.21775576	56.40307102	11.9679939	56.57773512	12.31472661	55.00575816	9.194132216	98.04798464	110.5451056	12.7459233	101.8944338	3.92302723	102.3051823	4.341953292	94.71401152	-3.400348453	148.4222649	167.5777351	12.90606249	158.2975048	6.653476102	158.8829175	7.047899855	149.7197697	0.874198221	1101.9016	0.66682243	-0.76
120	MWI	205.0677966	189.1186441	-7.777502273	174.5423729	-14.88552773	170.4576271	-16.87742789	154.8813559	-24.47309695	648.2542373	595.8983051	-8.076450441	549	-15.31100478	531.779661	-17.96742228	493.1864407	-23.92083039	853.3220339	785.0169492	-8.004608112	723.5423729	-15.20875541	702.2372881	-17.70547809	648.0677966	-24.05354944	300.3077	0.07476291	-0.485
121	MYS	258.2814371	240.4431138	-6.906544873	230.4850299	-10.76206153	230.3053892	-10.83161385	216.6047904	-16.13613706	697.6946108	635.0299401	-8.981676179	611.2335329	-12.39239583	611.1796407	-12.40012016	588.9520958	-15.58597605	955.9760479	875.4730539	-8.421026258	841.7185629	-11.95191922	841.4850299	-11.97634797	805.5568862	-15.73461616	9508.2378	8.03299158	0.475
122	NAM	126.6626506	118.2192771	-6.666032531	107.2337349	-15.33910397	105.3180723	-16.85151717	83.98072289	-33.69732712	349.660241	335.5060241	-4.04799151	306.9879518	-12.20392946	302.5445783	-13.47469833	247.6313253	-29.17944442	476.3228916	453.7253012	-4.744174752	414.2216867	-13.03762761	407.8626506	-14.37265397	331.6120482	-30.38082904	4414.9789	1.58372867	0.296666667
123	NCL	75.41666667	70	-7.182320442	77.33333333	2.541436464	74.91666667	-0.662983425	77.16666667	2.320441989	341.9166667	325.8333333	-4.703875213	341.3333333	-0.170606873	331.8333333	-2.949061662	336.1666667	-1.68169632	417.3333333	395.8333333	-5.151757188	418.6666667	0.319488818	406.75	-2.535942492	413.3333333	-0.958466454	NA	16.00593173	NA
124	NER	64.38935108	73.03161398	13.42188227	71.24958403	10.65429738	70.67387687	9.760194325	71.15141431	10.50183472	150.5440932	174.1114809	15.6548073	166.4758735	10.58280005	165.9700499	10.24680305	167.8386023	11.48800248	214.9334443	247.1430948	14.98587188	237.7254576	10.60421908	236.6439268	10.10102574	238.9900166	11.19256822	364.1655	0.11107352	-0.735
125	NGA	171.5896328	171.8358531	0.143493694	168.9524838	-1.536892984	167.7408207	-2.243033004	161.9438445	-5.621428392	490.0194384	470.6198704	-3.958938465	454.1792657	-7.314030827	450.9611231	-7.970768559	430.4362851	-12.15934485	661.6090713	642.4557235	-2.894964498	623.1317495	-5.8157186	618.7019438	-6.485268914	592.3801296	-10.46372317	2175.6734	0.54562211	-1.07
126	NIC	281.8208955	282.7761194	0.338947145	286.1044776	1.519966105	280.0149254	-0.640821947	268.358209	-4.777036331	855.2835821	838.880597	-1.917841686	814.5223881	-4.765810415	794.7910448	-7.072804691	715.2238806	-16.37582019	1137.104478	1121.656716	-1.358517313	1100.626866	-3.207938466	1074.80597	-5.478696873	983.5820896	-13.50116819	2151.382	0.80852086	-0.911666667
127	NLD	123.5	129.85	5.141700405	134.1	8.582995951	133.05	7.732793522	145.1	17.48987854	333	323	-3.003003003	332.15	-0.255255255	328.95	-1.216216216	322.7	-3.093093093	456.5	452.85	-0.799561884	466.25	2.135815991	462	1.204819277	467.8	2.475355969	45637.8867	9.92013808	1.695
128	NOR	106.5	120.0851064	12.75596843	125.6329787	17.96523824	125.3031915	17.65557886	134.1382979	25.9514534	333.5425532	358.8297872	7.581411667	366.5904255	9.908142761	361.2819149	8.316588524	367.9468085	10.31480241	440.0425532	478.9148936	8.833768494	492.2234043	11.85813751	486.5851064	10.57683009	502.0851064	14.09921671	70867.9406	9.27094513	1.765
129	NPL	174.3648649	179.9324324	3.193055878	181.2432432	3.944819034	176.6756757	1.325273192	168.2567568	-3.503061304	612.2702703	626.1081081	2.260086519	622.1756757	1.617815838	610.972973	-0.211883111	579.6621622	-5.325770283	786.6351351	806.0405405	2.466887702	803.4189189	2.133617358	787.6486486	0.128841628	747.9189189	-4.921750185	729.1223	0.28353853	-0.593333333
130	NZL	82.32352941	88.82352941	7.895677028	89.83088235	9.119328332	89.84558824	9.137191854	87.88235294	6.752411576	359.4558824	369.9485294	2.919036125	373.2573529	3.839545064	372.1544118	3.532708751	374.6985294	4.240477846	441.7794118	458.7720588	3.846409906	463.0882353	4.823408009	462	4.577077993	462.5808824	4.708564961	39412.4852	7.68657583	1.81
131	OMN	47.78527607	52.36809816	9.590448068	51.38650307	7.536269097	51.64417178	8.075491077	50.90797546	6.534856849	81.62576687	96.53374233	18.2638106	93.49079755	14.53588876	93.7607362	14.86659151	89.3803681	9.500187899	129.4110429	148.9018405	15.06115483	144.8773006	11.95126576	145.404908	12.35896463	140.2883436	8.405233716	14982.3579	15.44316719	0.138333333
132	PAK	88.98190045	86.77828054	-2.476481058	82.76244344	-6.989575388	82.73529412	-7.020086448	80.97737557	-8.9956776	228.0248869	212.8348416	-6.661573417	201.1266968	-11.79616419	201.138009	-11.79120323	195.4276018	-14.29549446	317.0067873	299.6131222	-5.486843138	283.8891403	-10.44698359	283.8733032	-10.45197942	276.4049774	-12.80786771	1443.625	0.8962641	-0.966666667
133	PAN	318.7692308	314.3589744	-1.383526384	312.4358974	-1.986808237	308.9487179	-3.080759331	299.8205128	-5.944337194	1075.512821	1014.820513	-5.643104065	991.4358974	-7.817379902	958.6410256	-10.86661104	900.6410256	-16.25938729	1394.282051	1329.179487	-4.669253545	1303.871795	-6.484359196	1267.589744	-9.086562333	1200.461538	-13.90109789	13680.236	2.25431136	0.101666667
134	PER	222.2518968	227.4567527	2.341872406	229.4628225	3.244483286	229.9362671	3.457504916	231.138088	3.99825213	715.3277693	706.4537178	-1.240557402	704.6494689	-1.492784275	707.1441578	-1.144036606	704.0804249	-1.572334382	937.5796662	933.9104704	-0.391347624	934.1122914	-0.369821887	937.0804249	-0.053247878	935.2185129	-0.251834948	6049.2326	1.99348595	-0.136666667
135	PHL	225.2335766	235.3576642	4.494928217	231.8175182	2.923161681	231.5328467	2.796772207	215.6642336	-4.248630781	695.9124088	675.2262774	-2.972519404	657.9489051	-5.455212922	651.7664234	-6.343612335	619.1167883	-11.03524229	921.1459854	910.5839416	-1.146619967	889.7664234	-3.406578603	883.2992701	-4.108655515	834.7810219	-9.375817175	2951.0719	1.05545685	-0.333333333
136	PNG	75.59322034	65.44915254	-13.41928251	60.46610169	-20.01121076	59.16525424	-21.73206278	51.79661017	-31.47982063	306.7033898	271.8474576	-11.36470393	255.1228814	-16.81771711	252.3813559	-17.71158575	230.0084746	-25.00621702	382.2966102	337.2966102	-11.77096495	315.5889831	-17.44918091	311.5466102	-18.50657268	281.8050847	-26.28627164	2500.0911	0.81464881	-0.583333333
137	POL	167.5660377	157.0314465	-6.286829561	150.5660377	-10.14525391	149.6226415	-10.70825358	138.9622642	-17.07014976	385.1761006	350.3081761	-9.052463139	340.3081761	-11.64867822	333.836478	-13.32887024	307.3710692	-20.19985958	552.7421384	507.3396226	-8.214050019	490.8742138	-11.192909	483.4591195	-12.53441959	446.3333333	-19.25107526	12414.0987	7.51715158	0.646666667
138	PRI	250	253.8333333	1.533333333	236	-5.6	232.3333333	-7.066666667	235.3333333	-5.866666667	762.1666667	779.1666667	2.230483271	651.6666667	-14.49814126	646.8333333	-15.13229827	613.1666667	-19.54952985	1012.166667	1033	2.058290795	887.6666667	-12.30034579	879.1666667	-13.14012844	848.5	-16.16993249	30790.1048	NA	0.381666667
139	PRK	108.031746	115.2857143	6.714663532	115.2539683	6.685277696	118.2539683	9.462239201	114.015873	5.539230091	364.6190476	363.6984127	-0.252492273	354.031746	-2.903661138	367.1904762	0.705237038	346.3015873	-5.023725567	472.6507937	478.984127	1.339960372	469.2857143	-0.711958894	485.4444444	2.706787118	460.3174603	-2.609396514	NA	1.61359684	-1.61
140	PRT	260.4893617	249.2340426	-4.320836396	241.6808511	-7.220452503	243.9787234	-6.338315772	227.4255319	-12.69296741	602.4893617	543.3191489	-9.82095561	510.212766	-15.31588798	519	-13.85740015	458.1276596	-23.96087156	862.9787234	792.5531915	-8.160749507	751.893617	-12.87228797	762.9787234	-11.5877712	685.5531915	-20.55966469	19871.719	4.33155403	1.071666667
141	PRY	123.1584158	117.2970297	-4.759225018	119.8465347	-2.68912292	121.7376238	-1.153629713	122.8267327	-0.269314254	472.3465347	447.9455446	-5.165908567	447.2178218	-5.319974008	449.9554455	-4.740394491	442.1435644	-6.394239839	595.5049505	565.2425743	-5.081800951	567.0643564	-4.775878695	571.6930693	-3.998603398	564.970297	-5.127523027	4077.7421	0.87021929	-0.35
142	PSE	61.5	41	-33.33333333	39	-36.58536585	38.5	-37.39837398	39.5	-35.77235772	147	99	-32.65306122	94.5	-35.71428571	93	-36.73469388	90.5	-38.43537415	208.5	140	-32.85371703	133.5	-35.97122302	131.5	-36.93045564	130	-37.6498801	2943.4045	NA	NA
143	QAT	36.5	39	6.849315068	38.5	5.479452055	39	6.849315068	36.25	-0.684931507	48.5	41	-15.46391753	37.5	-22.68041237	38.75	-20.10309278	32.25	-33.50515464	85	80	-5.882352941	76	-10.58823529	77.75	-8.529411765	68.5	-19.41176471	59324.3388	45.42323996	0.346666667
144	ROU	164.1344538	149.7310924	-8.775343027	143.7226891	-12.43600246	142	-13.48556215	134.0168067	-18.34937538	379.5042017	327.8907563	-13.60023029	311.7983193	-17.84061469	303.7058824	-19.97298554	278.8655462	-26.51845619	543.6386555	477.6218487	-12.14350857	455.5210084	-16.2088634	445.7058824	-18.01431376	412.8823529	-24.05206127	9522.771	3.51615369	NA
145	RUS	67.47155793	77.80578129	15.31641432	80.98548874	20.02907777	81.19305781	20.33671714	84.63837938	25.44304886	229.090202	260.7220803	13.80760856	269.069538	17.45135131	269.8745066	17.8027276	281.8525656	23.03126154	296.5617599	338.5278616	14.15088099	350.0550267	18.03781674	351.0675644	18.37924233	366.490945	23.57997372	8748.3689	11.85752777	-0.638333333
146	RWA	265.4615385	249.3076923	-6.085192698	247.6153846	-6.722689076	241.3076923	-9.098811939	214.0769231	-19.3567082	788.4615385	750.5384615	-4.809756098	729	-7.541463415	724.5384615	-8.107317073	636.6153846	-19.25853659	1053.923077	999.8461538	-5.131012335	976.6153846	-7.335231005	965.8461538	-8.35705423	850.6923077	-19.283264	702.8356	0.07401645	-0.003333333
147	SAU	46.42283951	43.68209877	-5.903862775	41.76028807	-10.04365844	41.61213992	-10.36278616	39.33436214	-15.26937482	71.31481481	66.02366255	-7.419429297	60.97736626	-14.49551343	60.35288066	-15.37118786	53.96502058	-24.32845725	117.7376543	109.7057613	-6.821855803	102.7376543	-12.74018927	101.9650206	-13.39642261	93.29938272	-20.75654704	20028.6482	19.5292718	-0.231666667
148	SDN	80.40021231	92.32590234	14.83290862	89.47239915	11.28378468	89.82908705	11.72742517	89.66454352	11.52276958	203.9649682	232.8163482	14.14526245	220.8895966	8.297811435	221.962845	8.824003956	217.604034	6.686964894	284.3651805	325.1422505	14.33968463	310.3619958	9.142052921	311.7919321	9.644905029	307.2685775	8.054219926	2415.0382	0.2997326	-1.58
149	SEN	133.5533981	134.038835	0.363477755	126.9126214	-4.972375691	122.6407767	-8.170979936	120.2330097	-9.973829602	397.7087379	378.776699	-4.760277317	358.2524272	-9.920906162	351.5631068	-11.60287081	342.8737864	-13.78771604	531.2621359	512.815534	-3.472222222	485.1650485	-8.676900585	474.2038835	-10.74013158	463.1067961	-12.82894737	952.7683	0.60880912	-0.076666667
150	SGS	23.5	38	61.70212766	37	57.44680851	37	57.44680851	37	57.44680851	170.5	201.5	18.18181818	206	20.82111437	202.5	18.76832845	217	27.27272727	194	239.5	23.45360825	243	25.25773196	239.5	23.45360825	254	30.92783505	NA	NA	NA
151	SLB	47.07142857	46	-2.276176024	41.21428571	-12.4430956	39.85714286	-15.3262519	34.71428571	-26.25189681	231.7142857	207.8571429	-10.29593095	188.9285714	-18.4648582	182.8571429	-21.08508015	164.8571429	-28.85326757	278.7857143	253.8571429	-8.941839611	230.1428571	-17.44811683	222.7142857	-20.11273379	199.5714286	-28.41404048	2005.4836	0.35044935	-0.215
152	SLE	217.1944444	215.4722222	-0.792940274	209.8333333	-3.389180202	210.0277778	-3.299654687	204.0277778	-6.062156286	601.3611111	576.9444444	-4.060233729	546.7222222	-9.085870017	548.7777778	-8.744052843	520.4166667	-13.46020601	818.5555556	792.4166667	-3.193294421	756.5555556	-7.574317904	758.8055556	-7.299443464	724.4444444	-11.49721732	505.2045	0.1849257	-0.586666667
153	SLV	257.7272727	245.8181818	-4.620811287	237.7272727	-7.760141093	241.6363636	-6.243386243	244.2727273	-5.220458554	683	670.0909091	-1.890057234	615.0909091	-9.942765872	633.1818182	-7.294023692	618.0909091	-9.503527219	940.7272727	915.9090909	-2.638190955	852.8181818	-9.344800928	874.8181818	-7.00618477	862.3636364	-8.330112099	4223.5846	1.00064462	-0.365
154	SOL	NA	NA	NA	NA	NA	NA	NA	NA	NA	NA	NA	NA	NA	NA	NA	NA	NA	NA	368.6590909	367.2386364	-0.385303002	341.0909091	-7.477960668	343.1477273	-6.920041921	356.4545455	-3.310523396	NA	NA	NA
155	SOM	116.6329114	124.7130802	6.927863396	123.8987342	6.229650532	123.350211	5.759351711	127.4556962	9.279357499	324.7299578	327.0759494	0.722443835	322.8860759	-0.567820065	321.6118143	-0.960226608	332.9029536	2.516859188	441.3628692	451.7890295	2.362264945	446.7848101	1.228454251	444.9620253	0.815464184	460.3586498	4.303891858	434.2088	0.04504672	-2.113333333
156	SRB	149.5	148.25	-0.836120401	142.625	-4.598662207	146.7	-1.872909699	134.45	-10.06688963	341.55	319.5	-6.455862978	304.4	-10.87688479	306.025	-10.40111258	276.3	-19.10408432	491.05	467.75	-4.744934324	447.025	-8.96548213	452.725	-7.804704205	410.75	-16.35271357	5426.1983	5.28252192	-0.053333333
157	SSD	181.7788462	178.8814103	-1.593934585	180.1282051	-0.908049017	178.1474359	-1.997707837	173.4487179	-4.582561932	492.7019231	454.2435897	-7.805598382	448.3365385	-9.004508109	441.8782051	-10.3153074	429.1089744	-12.90698204	674.4807692	633.125	-6.131497163	628.4647436	-6.822437012	620.025641	-8.073636891	602.5576923	-10.66347333	NA	0.12974935	-2.103333333
158	SUR	270.9589041	283.9589041	4.797775531	259.1780822	-4.347826087	260.6712329	-3.796764408	239.3561644	-11.66329626	838.7260274	812.7945205	-3.091773237	710.5890411	-15.27757362	718.9589041	-14.27964787	630.2739726	-24.85341434	1109.684932	1096.753425	-1.165331391	969.7671233	-12.60878689	979.630137	-11.71997482	869.630137	-21.63269841	5871.442	3.63401943	-0.193333333
159	SVK	157.8636364	157.4090909	-0.287935502	151.0909091	-4.290238986	150.5	-4.66455514	142.7272727	-9.588252232	368.1818182	346.1818182	-5.975308642	340.1818182	-7.604938272	333.7727273	-9.345679012	314.5454545	-14.56790123	526.0454545	503.5909091	-4.268556122	491.2727273	-6.610213428	484.2727273	-7.940896915	457.2727273	-13.07353322	16529.541	5.66158133	0.673333333
160	SVN	164.2	170.3	3.71498173	164	-0.12180268	167.9	2.253349574	155.8	-5.115712546	359.6	357.2	-0.667408231	347.9	-3.253615128	353.9	-1.585094549	328.9	-8.537263626	523.8	527.5	0.70637648	511.9	-2.271859488	521.8	-0.381825124	484.7	-7.464681176	21650.2128	6.21368684	0.941666667
161	SWE	107.8991228	128.6447368	19.2268607	135.2587719	25.35669282	135.1359649	25.24287631	138.8157895	28.65330678	341.1710526	351.2324561	2.949078895	348.25	2.074896834	347.5438596	1.867921375	343.1403509	0.577217273	449.0701754	479.877193	6.860178927	483.5087719	7.668867445	482.6798246	7.484275501	481.9561404	7.323123804	51844.7613	4.47818218	1.698333333
162	SWZ	201.625	202.125	0.247985121	189.125	-6.199628022	190.5	-5.51766894	181.375	-10.0433974	656.5	648.375	-1.237623762	619.75	-5.597867479	627.25	-4.455445545	597.875	-8.929931455	858.125	850.5	-0.888565186	808.875	-5.739257101	817.75	-4.705025492	779.25	-9.191551347	2770.1995	0.92871499	-0.563333333
163	SYR	74.25	65.86956522	-11.28678085	59.81521739	-19.44078466	58.29347826	-21.49026497	49.4673913	-33.37725077	156.5108696	126.3804348	-19.2513369	114.5	-26.84214182	111.0434783	-29.05062852	90.05434783	-42.46128203	230.7608696	192.25	-16.68864814	174.3152174	-24.46066886	169.3369565	-26.61799341	139.5217391	-39.53838907	NA	1.59889846	-1.975
164	TCA	NA	NA	NA	NA	NA	NA	NA	NA	NA	NA	NA	NA	NA	NA	NA	NA	NA	NA	721	756	4.854368932	757	4.993065187	779	8.044382802	807	11.92787795	NA	NA	NA
165	TCD	89.07727975	97.89335394	9.89710756	94.86244204	6.494543057	94.50850077	6.097201256	94.60587326	6.206513629	224.877898	250.8114374	11.5322758	240.0525502	6.747951834	240.9088099	7.128718315	241.2210201	7.267553747	313.9551777	348.7047913	11.06833589	334.9149923	6.676053148	335.4173107	6.836049998	335.8268934	6.966508967	664.2957	0.05377769	-1.381666667
166	TGO	217.6206897	205.4827586	-5.577562985	202.7241379	-6.845190936	202.1034483	-7.130407225	194.6896552	-10.53715734	569.5517241	516.5517241	-9.305563964	497.2068966	-12.70206454	494.2413793	-13.22274021	465.5517241	-18.25997457	787.1724138	722.0344828	-8.27492553	699.9310345	-11.08288067	696.3448276	-11.53846154	660.2413793	-16.12493429	578.4617	0.36269689	-0.791666667
167	THA	241.8060837	230.6007605	-4.634012108	221.1178707	-8.555704065	217.8897338	-9.890714679	207.8022814	-14.06242629	630.3003802	603.6235741	-4.232395683	580.6425856	-7.878433241	576.1634981	-8.589060681	548.6425856	-12.95537766	872.1064639	834.2243346	-4.343750545	801.7604563	-8.066217889	794.0532319	-8.949965993	756.4448669	-13.26232539	5910.6209	4.62186003	-0.276666667
168	TJK	129.3880597	155.9104478	20.49832737	155.2238806	19.967701	156.5671642	21.00588303	161.1791045	24.57030799	349.9850746	409.8208955	17.0966779	406.7910448	16.23096934	412.4626866	17.85150753	416.1492537	18.90485735	479.3731343	565.7313433	18.01482035	562.0149254	17.23955414	569.0298507	18.70290803	577.3283582	20.43402453	795.8439	0.62046672	-1.21
169	TKM	103.7196653	115.1966527	11.06539191	102.3054393	-1.363508008	102.2803347	-1.387712292	87.32635983	-15.80539756	241.4435146	220.6401674	-8.616237761	194.460251	-19.45931895	190.4393305	-21.1246859	166.2761506	-31.13248419	345.1631799	335.8368201	-2.702014692	296.7656904	-14.02162582	292.7196653	-15.19383228	253.6025105	-26.52677771	6389.3341	12.51729534	-1.333333333
170	TLS	256.625	229.75	-10.4724793	214.5	-16.41500244	214.125	-16.56113005	202.875	-20.9449586	684.625	602.125	-12.05039255	577.75	-15.6107358	574.25	-16.12196458	520.5	-23.97297791	941.25	831.875	-11.62018592	792.25	-15.83001328	788.375	-16.24169987	723.375	-23.14741036	1405.3872	0.387014	NA
171	TTO	279	271.75	-2.598566308	251.25	-9.946236559	258.75	-7.258064516	243.5	-12.72401434	830.25	772.5	-6.955736224	653.5	-21.28876844	681.25	-17.94640169	618.5	-25.50436615	1109.25	1044.25	-5.85981519	904.75	-18.4358801	940	-15.25805725	862	-22.28983547	16040.5242	34.16324263	0.091666667
172	TUN	65.16666667	58.26923077	-10.58430061	54.52564103	-16.3289396	54.23076923	-16.78142829	45.73076923	-29.82490655	123.9871795	102.3974359	-17.41288388	93.08974359	-24.91986351	93.14102564	-24.87850274	79.44871795	-35.92182815	189.1538462	160.6666667	-15.06032262	147.6153846	-21.9601464	147.3717949	-22.08892504	125.1794872	-33.82133659	3688.6464	2.58705958	-0.203333333
173	TUR	198.2651515	195.6792929	-1.30424261	188.7348485	-4.806847274	189.8737374	-4.232420109	177.7777778	-10.3333206	453.239899	423.7373737	-6.509251573	400.1085859	-11.72255868	400.1843434	-11.70584401	362.8964646	-19.93280701	651.5050505	619.4166667	-4.925270159	588.8434343	-9.617978573	590.0580808	-9.431541574	540.6742424	-17.01150405	10862.6004	4.49147903	-0.476666667
174	TWN	235.7	253.55	7.573186254	247.15	4.857870174	253.95	7.742893509	243.5	3.309291472	713.3	754.3	5.747932146	737.3	3.364643208	751.15	5.306322725	723.7	1.458012057	949	1007.85	6.201264489	984.45	3.735511064	1005.1	5.911485774	967.2	1.917808219	NA	NA	1.115
175	TZA	223.8412371	206.9051546	-7.566113685	191.3773196	-14.50309958	186.7773196	-16.55812754	178.8721649	-20.08971749	660.6701031	594.6020619	-10.00015604	544.8536082	-17.53015526	527.6268041	-20.13762971	496.8474227	-24.79644223	884.5113402	801.5072165	-9.384178578	736.2309278	-16.76410529	714.4041237	-19.23177338	675.7195876	-23.60532229	877.5076	0.22134737	-0.548333333
176	UGA	257.9262295	235.1803279	-8.818762513	228.7213115	-11.32297327	230.0737705	-10.79861442	224.3606557	-13.01363333	740.5901639	628.6229508	-15.11864707	577.4344262	-22.03050292	575.1065574	-22.34482911	548.3852459	-25.95293961	998.5163934	863.8032787	-13.4913273	806.1557377	-19.26464673	805.1803279	-19.36233264	772.7459016	-22.61059441	580.3835	0.134656	-0.591666667
177	UKR	129.5445545	128.2112211	-1.029246917	122.709571	-5.276164272	120.2343234	-7.186894935	114.1782178	-11.86181596	338.4158416	310.3333333	-8.298225083	298.349835	-11.83928223	292.0792079	-13.69221767	275.3564356	-18.63370392	467.960396	438.5445545	-6.285968179	421.0594059	-10.02242722	412.3135314	-11.891362	389.5346535	-16.75905552	2185.728	5.02074706	-0.678333333
178	URY	69.32608696	84.4673913	21.84070241	87.55434783	26.29350894	90.0326087	29.86829727	92.39130435	33.27061775	347.7065217	381.9782609	9.856513176	382.173913	9.912782519	393.8804348	13.27956485	396.5652174	14.05170527	417.0326087	466.4456522	11.84872416	469.7282609	12.63585894	483.9130435	16.03721949	488.9565217	17.24659212	15220.566	1.97315082	0.865
179	USA	144.2297325	148.9823761	3.295189903	146.8038565	1.784738794	147.1123782	1.998648688	144.8415924	0.42422587	384.6135186	380.4669293	-1.078118438	371.0033174	-3.53866946	370.6831847	-3.621904365	358.3025088	-6.840895724	528.8432511	529.4493054	0.114599992	517.807174	-2.086833312	517.7955629	-2.089028864	503.1441012	-4.859502292	57638.1591	16.49060839	1.241666667
180	UZB	109.5614035	120.6403509	10.11208967	112.1052632	2.321857486	112.6447368	2.814251401	101.7061404	-7.169735789	272.6929825	266.4298246	-2.296780005	246.4824561	-9.611734809	241.1622807	-11.5627111	217.1929825	-20.35255895	382.254386	387.0701754	1.259838906	358.5877193	-6.191339468	353.8070175	-7.44199922	318.8991228	-16.5741102	2110.6678	3.42072275	-0.948333333
181	VEN	267.7878788	260.7727273	-2.619667308	253.3376623	-5.396142841	255.9891775	-4.405987811	247.9675325	-7.401509885	821.0562771	756.7705628	-7.829635566	700.9329004	-14.6303463	712.2965368	-13.24631981	667.3658009	-18.71862873	1088.844156	1017.54329	-6.548307709	954.2705628	-12.3593071	968.2857143	-11.07214847	915.3333333	-15.93532202	NA	6.02569758	-1.745
182	VIR	198	247	24.74747475	240	21.21212121	245	23.73737374	232	17.17171717	539	605	12.24489796	598	10.94619666	601	11.50278293	593	10.01855288	737	852	15.60379919	838	13.70420624	846	14.78968792	825	11.94029851	NA	NA	0.878
183	VNM	263.2638037	245.7423313	-6.655480984	234.1595092	-11.0551827	229.5030675	-12.82391872	213.1472393	-19.03663311	758.8895706	709.0490798	-6.567555114	679.0858896	-10.51584896	668.8834356	-11.86024139	625.9509202	-17.51752237	1022.153374	954.791411	-6.590201127	913.2453988	-10.65475869	898.3865031	-12.10844422	839.0981595	-17.90878153	2170.6481	1.80356575	-0.355
184	VUT	43.57142857	50.14285714	15.08196721	44.42857143	1.967213115	45	3.278688525	39.42857143	-9.508196721	249.4285714	243	-2.577319588	236.4285714	-5.211912944	240.4285714	-3.608247423	228	-8.591065292	293	293.1428571	0.048756704	280.8571429	-4.144319844	285.4285714	-2.584105314	267.4285714	-8.727450024	2860.5665	0.59499324	0.1
185	WSM	67	55	-17.91044776	50	-25.37313433	42	-37.31343284	37	-44.7761194	249	233	-6.425702811	216	-13.25301205	198	-20.48192771	169	-32.12851406	316	288	-8.860759494	266	-15.82278481	240	-24.05063291	206	-34.81012658	4030.0131	1.02978834	0.648333333
186	YEM	52.41048035	58.88646288	12.35627395	58.41484716	11.45642393	58.96943231	12.5145809	60.25764192	14.97250458	103.9388646	135.4497817	30.3167801	132.3275109	27.31283085	134.5851528	29.48491723	134.8471616	29.73699689	156.349345	194.3362445	24.29616803	190.7423581	21.99754217	193.5545852	23.79622389	195.1048035	24.78773321	990.3348	0.86483453	-1.993333333
187	ZAF	149.0381558	149.3195548	0.18881007	142.0286169	-4.70318417	142.745628	-4.222091845	129.0953895	-13.38098032	457.6963434	449.8855326	-1.706548659	424.4387917	-7.266291756	428.2352941	-6.436811154	384.5119237	-15.98973223	606.7344992	599.2050874	-1.240973074	566.4674086	-6.636690459	570.9809221	-5.892787892	513.6073132	-15.34891887	5274.546	8.9801193	0.128333333
188	ZMB	199.1376623	183.7064935	-7.74899567	168.3844156	-15.44320968	163.4077922	-17.94229666	138.025974	-30.68816195	575.0727273	545.3636364	-5.166144994	521.012987	-9.400504962	505.412987	-12.11320533	442.225974	-23.10086133	774.2103896	729.0701299	-5.830490051	689.3974026	-10.95477252	668.8207792	-13.61252856	580.2519481	-25.0524204	1269.5735	0.28827114	-0.363333333
189	ZWE	190.9547739	179.3718593	-6.065789474	165.6834171	-13.23421053	161.1457286	-15.61052632	137.2261307	-28.13684211	553.6432161	528.8542714	-4.477422283	501.0753769	-9.494894486	489.3115578	-11.61969594	431.8140704	-22.00499206	744.5979899	708.2261307	-4.884764636	666.758794	-10.45385524	650.4572864	-12.64315843	569.040201	-23.57752657	1029.0766	0.77995585	-1.188333333
